{"action_name":"info","module_name":"player","protocol":[{"name":"nickname","type":"text16"},{"name":"town_id","type":"int16"},{"name":"role_id","type":"int8"},{"name":"role_lv","type":"int16"},{"name":"role_exp","type":"int64"},{"name":"vip_level","type":"int16"},{"name":"fame","type":"int32"},{"name":"ingot","type":"int64"},{"name":"coins","type":"int64"},{"name":"fragments","type":"int64"},{"name":"heart_num","type":"int16"},{"name":"physical","type":"int16"},{"name":"physical_buy_count","type":"int16"},{"name":"coins_buy_count","type":"int16"},{"name":"batch_bought_coins","type":"int16"},{"name":"cornucopia_count","type":"int16"},{"name":"func_key","type":"int16"},{"name":"played_key","type":"int16"},{"name":"town_lock","type":"int32"},{"name":"mission_key","type":"int32"},{"name":"mission_max_order","type":"int8"},{"name":"mission_level_max_lock","type":"int32"},{"name":"mission_level_award_lock","type":"int32"},{"name":"hard_level_lock","type":"int32"},{"name":"quest_id","type":"int16"},{"name":"quest_state","type":"int8"},{"name":"arena_report_num","type":"int16"},{"name":"next_free_star_box_timestamp","type":"int64"},{"name":"next_free_moon_box_timestamp","type":"int64"},{"name":"next_free_sun_box_timestamp","type":"int64"},{"name":"next_free_hunyuan_box_timestamp","type":"int64"},{"name":"qq_vip_status","type":"int16"},{"name":"server_open_time","type":"int64"}]}