{"action_name":"get_list","module_name":"mail","protocol":[{"name":"get_heart_num","type":"int32"},{"name":"mails","type":"list16","fields":[{"name":"id","type":"int64"},{"name":"mail_id","type":"int32"},{"name":"state","type":"int8"},{"name":"priority","type":"int8"},{"name":"send_time","type":"int64"},{"name":"expire_time","type":"int64"},{"name":"parameters","type":"text16"},{"name":"title","type":"text16"},{"name":"content","type":"text16"},{"name":"attachments","type":"list8","fields":[{"name":"id","type":"int64"},{"name":"attachment_type","type":"int8"},{"name":"item_id","type":"int16"},{"name":"item_num","type":"int64"}]}]}]}