{"action_name":"info","module_name":"totem","protocol":[{"name":"totem","type":"list8","fields":[{"name":"id","type":"int64"},{"name":"totem_id","type":"int16"},{"name":"skill","type":"int16"},{"name":"level","type":"int8"}]},{"name":"rock_rune_num","type":"int32"},{"name":"jade_rune_num","type":"int32"},{"name":"call_num","type":"int16"},{"name":"pos1_id","type":"int64"},{"name":"pos2_id","type":"int64"},{"name":"pos3_id","type":"int64"},{"name":"pos4_id","type":"int64"},{"name":"pos5_id","type":"int64"}]}