{"action_name":"get_formation_info","module_name":"team","protocol":[{"name":"pos0_role","type":"int8"},{"name":"pos1_role","type":"int8"},{"name":"pos2_role","type":"int8"},{"name":"pos3_role","type":"int8"},{"name":"pos4_role","type":"int8"},{"name":"pos5_role","type":"int8"},{"name":"pos6_role","type":"int8"},{"name":"pos7_role","type":"int8"},{"name":"pos8_role","type":"int8"},{"name":"relationship","type":"int32"},{"name":"health_lv","type":"int16"},{"name":"attack_lv","type":"int16"},{"name":"defence_lv","type":"int16"}]}