{"action_name":"clique_public_info","module_name":"clique","protocol":[{"name":"clique_id","type":"int64"},{"name":"exist","type":"bool"},{"name":"name","type":"text16"},{"name":"owner_nick","type":"text16"},{"name":"owner_pid","type":"int64"},{"name":"member_num","type":"int16"},{"name":"level","type":"int16"},{"name":"announce","type":"text16"},{"name":"center_building_level","type":"int16"},{"name":"temple_building_level","type":"int16"},{"name":"bank_building_level","type":"int16"},{"name":"health_building_level","type":"int16"},{"name":"attack_building_level","type":"int16"},{"name":"defense_building_level","type":"int16"},{"name":"applied_cliques","type":"list8","fields":[{"name":"clique_id","type":"int64"}]}]}