{"action_name":"cloud_teleport","module_name":"driving_sword","protocol":[{"name":"map","type":"struct","fields":[{"name":"shadows","type":"binary16"},{"name":"events","type":"struct","fields":[{"name":"common","type":"list8","fields":[{"name":"x","type":"uint8"},{"name":"y","type":"uint8"},{"name":"id","type":"int8"},{"name":"event","type":"enum8"}]},{"name":"exploring_status","type":"list8","fields":[{"name":"x","type":"uint8"},{"name":"y","type":"uint8"},{"name":"id","type":"int8"},{"name":"status","type":"enum8"},{"name":"garrison_time","type":"int64"}]},{"name":"visiting_status","type":"list8","fields":[{"name":"x","type":"uint8"},{"name":"y","type":"uint8"},{"name":"id","type":"int8"},{"name":"status","type":"enum8"},{"name":"pid","type":"int64"},{"name":"nick","type":"text16"},{"name":"role_id","type":"int8"},{"name":"level","type":"int16"},{"name":"fight_num","type":"int32"},{"name":"fashion_id","type":"int16"},{"name":"friendship_level","type":"int16"}]},{"name":"treasure_progress","type":"list8","fields":[{"name":"x","type":"uint8"},{"name":"y","type":"uint8"},{"name":"id","type":"int8"},{"name":"progress","type":"int8"}]}]}]}]}