{"action_name":"info","module_name":"sword_soul","protocol":[{"name":"sword_souls","type":"list8","fields":[{"name":"id","type":"int64"},{"name":"sword_soul_id","type":"int16"},{"name":"exp","type":"int32"},{"name":"level","type":"int8"}]},{"name":"role_equip","type":"list8","fields":[{"name":"role_id","type":"int8"},{"name":"pos1_id","type":"int64"},{"name":"pos2_id","type":"int64"},{"name":"pos3_id","type":"int64"},{"name":"pos4_id","type":"int64"},{"name":"pos5_id","type":"int64"},{"name":"pos6_id","type":"int64"},{"name":"pos7_id","type":"int64"},{"name":"pos8_id","type":"int64"},{"name":"pos9_id","type":"int64"}]},{"name":"box_state","type":"int8"},{"name":"num","type":"int16"},{"name":"ingot_num","type":"int64"},{"name":"cd_time","type":"int64"}]}