{"action_name":"notify_room_info","module_name":"multi_level","protocol":[{"name":"room_id","type":"int64"},{"name":"leader_pid","type":"int64"},{"name":"level_id","type":"int32"},{"name":"partners","type":"list8","fields":[{"name":"partner","type":"struct","fields":[{"name":"pid","type":"int64"},{"name":"pos","type":"int8"},{"name":"nick","type":"text16"},{"name":"role_id","type":"int8"},{"name":"fashion_id","type":"int16"},{"name":"level","type":"int16"},{"name":"buddy_level","type":"int16"},{"name":"buddy_role_id","type":"int8"},{"name":"friendship_level","type":"int32"},{"name":"buddy_friendship_level","type":"int32"}]}]}]}