{"action_name":"clique_info","module_name":"clique","protocol":[{"name":"clique_id","type":"int64"},{"name":"join_time","type":"int64"},{"name":"name","type":"text16"},{"name":"announce","type":"text16"},{"name":"total_donate_coins","type":"int64"},{"name":"contrib","type":"int64"},{"name":"owner_login_time","type":"int64"},{"name":"owner_pid","type":"int64"},{"name":"manger_pid1","type":"int64"},{"name":"manger_pid2","type":"int64"},{"name":"center_building_coins","type":"int64"},{"name":"temple_building_coins","type":"int64"},{"name":"bank_building_coins","type":"int64"},{"name":"health_building_coins","type":"int64"},{"name":"attack_building_coins","type":"int64"},{"name":"defense_building_coins","type":"int64"},{"name":"center_building_level","type":"int16"},{"name":"temple_building_level","type":"int16"},{"name":"bank_building_level","type":"int16"},{"name":"health_building_level","type":"int16"},{"name":"attack_building_level","type":"int16"},{"name":"defense_building_level","type":"int16"},{"name":"recruit_timestamp","type":"int64"},{"name":"members","type":"list16","fields":[{"name":"pid","type":"int64"},{"name":"role_id","type":"int8"},{"name":"level","type":"int16"},{"name":"nick","type":"text16"},{"name":"contrib","type":"int64"}]}]}