{"action_name":"get_friend_list","module_name":"friend","protocol":[{"name":"cancel_listen_count","type":"int32"},{"name":"platform_friend_num","type":"int32"},{"name":"friends","type":"list8","fields":[{"name":"pid","type":"int64"},{"name":"role_id","type":"int8"},{"name":"nickname","type":"text16"},{"name":"level","type":"int16"},{"name":"fight_num","type":"int32"},{"name":"friend_mode","type":"enum8"},{"name":"block_mode","type":"int8"},{"name":"last_chat_time","type":"int64"},{"name":"friend_time","type":"int64"}]}]}