{"action_name":"enter","module_name":"arena","protocol":[{"name":"rank","type":"int32"},{"name":"award_box_time","type":"int64"},{"name":"daily_num","type":"int16"},{"name":"buy_times","type":"int16"},{"name":"win_times","type":"int16"},{"name":"new_record_num","type":"int16"},{"name":"failed_cd_time","type":"int64"},{"name":"daily_award_item","type":"int32"},{"name":"daily_fame","type":"int32"},{"name":"award_box","type":"list8","fields":[{"name":"num","type":"int8"},{"name":"rank","type":"int32"}]},{"name":"ranks","type":"list8","fields":[{"name":"pid","type":"int64"},{"name":"nick","type":"text16"},{"name":"role_id","type":"int8"},{"name":"rank","type":"int32"},{"name":"level","type":"int16"},{"name":"fight_num","type":"int32"}]}]}